attachment_id;image_url;expected_filename;matched_file_id;matched_filename;title;caption;credit;needs_update
6364;https://kunstverein-heilbronn.de/wp-content/uploads/06_manifesta_16_ruhr_st_suitbert_c_dirk_rose.jpg;06_manifesta_16_ruhr_st_suitbert_c_dirk_rose-c130d098.jpg;reisen/6374-reise-zur-manifesta-16-ins-ruhrgebiet/06_manifesta_16_ruhr_st_suitbert_c_dirk_rose-c130d098.jpg;06_manifesta_16_ruhr_st_suitbert_c_dirk_rose-c130d098.jpg;"St. Suitbert, Gelsenkirchen. © Dirk Rose";"Manifesta Ruhr";"Dirk Rose";yes
6289;https://kunstverein-heilbronn.de/wp-content/uploads/villa-tugendhat.wikimedia-commons.jpg;villa-tugendhat.wikimedia-commons-4b14b022.jpg;reisen/6295-architektur-ikonen-zeitgenossische-skulpturen-chopin-konzert-und-lebendige-kunstszene-in-warschau-gerhard-richters-birkenau-zykl/villa-tugendhat.wikimedia-commons-4b14b022.jpg;villa-tugendhat.wikimedia-commons-4b14b022.jpg;"Villa Tugendhat. Gartenseite. Von Petr1987 - Eigenes Werk, CC BY-SA 4.0, https://commons.wikimedia.org/w/index.php?curid=81260484";"Villa Tugendhat. Gartenseite. Von Petr1987 - Eigenes Werk, CC BY-SA 4.0, https://commons.wikimedia.org/w/index.php?curid=81260484";;yes
6282;https://kunstverein-heilbronn.de/wp-content/uploads/repros_marius_03_25_010_klein.jpg;repros_marius_03_25_010_klein-5274b21f.jpg;ausstellungen/6287-stop-and-go/repros_marius_03_25_010_klein-5274b21f.jpg;repros_marius_03_25_010_klein-5274b21f.jpg;"Marius Lüscher, Untitled, 2025, Acryl auf Leinwand, 220 x 160 cm. Foto: Rolf Siegenthaler. Courtesy Livie Gallery";"Marius Lüscher, Untitled, 2025, Acryl auf Leinwand, 220 x 160 cm. Foto: Rolf Siegenthaler. Courtesy Livie Gallery";"Rolf Siegenthaler";yes
6275;https://kunstverein-heilbronn.de/wp-content/uploads/marius_luescher_2024_031_klein.jpg;marius_luescher_2024_031_klein-a725d37a.jpg;ausstellungen/6287-stop-and-go/marius_luescher_2024_031_klein-a725d37a.jpg;marius_luescher_2024_031_klein-a725d37a.jpg;"Marius Lüscher, Untitled, 2024, Acryl auf Leinwand, 150 x 100 cm. Foto: Rolf Siegenthaler. Courtesy Livie Gallery";"Marius Lüscher, Untitled, 2024, Acryl auf Leinwand, 150 x 100 cm. Foto: Rolf Siegenthaler. Courtesy Livie Gallery";;yes
6274;https://kunstverein-heilbronn.de/wp-content/uploads/repros_marius_02_25_014_klein.jpg;repros_marius_02_25_014_klein-614ee697.jpg;ausstellungen/6287-stop-and-go/repros_marius_02_25_014_klein-614ee697.jpg;repros_marius_02_25_014_klein-614ee697.jpg;"Marius Lüscher, Untitled, 2025, Acryl auf Leinwand, 220 x 160 cm. Foto: Rolf Siegenthaler. Courtesy: Livie Gallery";"Marius Lüscher, Untitled, 2025, Acryl auf Leinwand, 220 x 160 cm. Foto: Rolf Siegenthaler. Courtesy: Livie Gallery";"Rolf Siegenthaler";yes
6255;https://kunstverein-heilbronn.de/wp-content/uploads/staatsgalerie_grosse_pressebild_7_15-scaled.jpg;staatsgalerie_grosse_pressebild_7_15-scaled-2be1200a.jpg;reisen/6254-katharina-grosse-the-sprayed-dear-halbtagesfahrt-nach-stuttgart-zur-ausstellung-im-kunstgebaude-am-schlossplatz/staatsgalerie_grosse_pressebild_7_15-scaled-2be1200a.jpg;staatsgalerie_grosse_pressebild_7_15-scaled-2be1200a.jpg;"Katharina Grosse. The Sprayed Dear. Ausstellungsansicht. Große Landesausstellung. Staatsgalerie Stuttgart. Kunstgebäude am Schlossplatz. Copyright: VG Bildkunst, Bonn 2025";"Katharina Grosse. The Sprayed Dear. Ausstellungsansicht. Große Landesausstellung. Staatsgalerie Stuttgart. Kunstgebäude am Schlossplatz. Copyright: VG Bildkunst, Bonn 2025";;yes
6253;https://kunstverein-heilbronn.de/wp-content/uploads/staatsgalerie_grosse_pressebild_5_15-scaled.jpg;staatsgalerie_grosse_pressebild_5_15-scaled-3ded509f.jpg;reisen/6254-katharina-grosse-the-sprayed-dear-halbtagesfahrt-nach-stuttgart-zur-ausstellung-im-kunstgebaude-am-schlossplatz/staatsgalerie_grosse_pressebild_5_15-scaled-3ded509f.jpg;staatsgalerie_grosse_pressebild_5_15-scaled-3ded509f.jpg;"Katharina Grosse. The Sprayed Dear. Ausstellungsansicht. Große Landesausstellung. Staatsgalerie Stuttgart. Kunstgebäude am Schlossplatz. Copyright: VG Bildkunst, Bonn 2025";"Katharina Grosse. The Sprayed Dear. Ausstellungsansicht. Große Landesausstellung. Staatsgalerie Stuttgart. Kunstgebäude am Schlossplatz. Copyright: VG Bildkunst, Bonn 2025";;yes
6215;https://kunstverein-heilbronn.de/wp-content/uploads/sougwen-2018_omnia_03-3-scaled.jpg;sougwen-2018_omnia_03-3-scaled-fa7ff956.jpg;ausstellungen/6217-ecologies-of-becoming/sougwen-2018_omnia_03-3-scaled-fa7ff956.jpg;sougwen-2018_omnia_03-3-scaled-fa7ff956.jpg;"Sougwen Chung, Omnia Per Omnia Performance, 2018, Courtesy of the Artist";"Sougwen Chung, Omnia Per Omnia Performance, 2018, Courtesy of the Artist";"Copyright 2018. All rights reserved.";yes
6150;https://kunstverein-heilbronn.de/wp-content/uploads/9783864424526.jpg;9783864424526-e3b6f4b9.jpg;shop/6149-still-life/9783864424526-e3b6f4b9.jpg;9783864424526-e3b6f4b9.jpg;9783864424526;;;no
6140;https://kunstverein-heilbronn.de/wp-content/uploads/lechner2017105.jpg;lechner2017105-fb7e7233.jpg;reisen/6142-moderne-trifft-auf-tradition-vier-tages-fahrt-nach-bayern/lechner2017105-fb7e7233.jpg;lechner2017105-fb7e7233.jpg;"Skulpturenpark Alf Lechner";"Skulpturenpark Alf Lechner";;yes
6137;https://kunstverein-heilbronn.de/wp-content/uploads/6462126e07a8737c76cf8b0d_3052_4020_1_g.jpg;6462126e07a8737c76cf8b0d_3052_4020_1_g-347aef5c.jpg;reisen/6142-moderne-trifft-auf-tradition-vier-tages-fahrt-nach-bayern/6462126e07a8737c76cf8b0d_3052_4020_1_g-347aef5c.jpg;6462126e07a8737c76cf8b0d_3052_4020_1_g-347aef5c.jpg;"Alf Lechner Museum Ingolstadt";"Alf Lechner Museum Ingolstadt";;yes
6111;https://kunstverein-heilbronn.de/wp-content/uploads/675c7f15d000f.png;675c7f15d000f-0a29eb29.png;shop/6113-jahresgabe-2024/675c7f15d000f-0a29eb29.png;675c7f15d000f-0a29eb29.png;"Austin Eddy, The Sea Has It's Pearls, 2024, Linolschnitt auf Papier, 38x 28,5 cm, Edition von 15, 800 Euro";"Austin Eddy, The Sea Has It's Pearls, 2024, Linolschnitt auf Papier, 38x 28,5 cm, Edition von 15, 800 Euro";;yes
6106;https://kunstverein-heilbronn.de/wp-content/uploads/rahmen-15-scaled.jpg;rahmen-15-scaled-2e640e5f.jpg;shop/6107-jahresgabe-2024/rahmen-15-scaled-2e640e5f.jpg;rahmen-15-scaled-2e640e5f.jpg;"Solweig de Barry. Noch ohne Titel III, 2024, Mischtechnik auf Papier, 42 x 29,7 cm, 800,– Euro incl. Rahmen";"Solweig de Barry. Noch ohne Titel III, 2024, Mischtechnik auf Papier, 42 x 29,7 cm, 800,– Euro incl. Rahmen";;yes
6105;https://kunstverein-heilbronn.de/wp-content/uploads/rahmen-14-scaled.jpg;rahmen-14-scaled-eaca352c.jpg;shop/6107-jahresgabe-2024/rahmen-14-scaled-eaca352c.jpg;rahmen-14-scaled-eaca352c.jpg;"Solweig de Barry. Noch ohne Titel II, 2024, Mischtechnik auf Papier, 42 x 29,7 cm, 800,– Euro incl. Rahmen.";"Solweig de Barry. Noch ohne Titel II, 2024, Mischtechnik auf Papier, 42 x 29,7 cm, 800,– Euro incl. Rahmen.";;yes
6104;https://kunstverein-heilbronn.de/wp-content/uploads/rahmen-13-scaled.jpg;rahmen-13-scaled-d49a1a46.jpg;shop/6107-jahresgabe-2024/rahmen-13-scaled-d49a1a46.jpg;rahmen-13-scaled-d49a1a46.jpg;"Solweig de Barry. 420 II, 2021, Mischtechnik auf Papier, 42 x 29,7 cm, 800,– Euro incl. Rahmen";"Solweig de Barry. 420 II, 2021, Mischtechnik auf Papier, 42 x 29,7 cm, 800,– Euro incl. Rahmen";;yes
6103;https://kunstverein-heilbronn.de/wp-content/uploads/rahmen-12-scaled.jpg;rahmen-12-scaled-ece47042.jpg;shop/6107-jahresgabe-2024/rahmen-12-scaled-ece47042.jpg;rahmen-12-scaled-ece47042.jpg;"Solweig de Barry. La coiffe II, 2021, Mischtechnik auf Papier, 42 x 29,7 cm, 800,– Euro incl. Rahmen";"Solweig de Barry. La coiffe II, 2021, Mischtechnik auf Papier, 42 x 29,7 cm, 800,– Euro incl. Rahmen";;yes
6102;https://kunstverein-heilbronn.de/wp-content/uploads/rahmen-09-scaled.jpg;rahmen-09-scaled-51af88ea.jpg;shop/6107-jahresgabe-2024/rahmen-09-scaled-51af88ea.jpg;rahmen-09-scaled-51af88ea.jpg;"Solweig de Barry. Noch ohne Titel, 2024, Mischtechnik auf Papier, 42 x 29,7 cm, 800,– Euro incl. Rahmen";"Solweig de Barry. Noch ohne Titel, 2024, Mischtechnik auf Papier, 42 x 29,7 cm, 800,– Euro incl. Rahmen";;yes
6101;https://kunstverein-heilbronn.de/wp-content/uploads/rahmen-08-scaled.jpg;rahmen-08-scaled-164ed75c.jpg;shop/6107-jahresgabe-2024/rahmen-08-scaled-164ed75c.jpg;rahmen-08-scaled-164ed75c.jpg;"Solweig de Barry. Noch ohne Titel, 2021, Mischtechnik auf Papier, 42 x 29,7 cm, 800,– Euro incl. Rahmen";"Solweig de Barry. Noch ohne Titel, 2021, Mischtechnik auf Papier, 42 x 29,7 cm, 800,– Euro incl. Rahmen";;yes
6100;https://kunstverein-heilbronn.de/wp-content/uploads/rahmen-06-scaled.jpg;rahmen-06-scaled-b72661fe.jpg;shop/6107-jahresgabe-2024/rahmen-06-scaled-b72661fe.jpg;rahmen-06-scaled-b72661fe.jpg;"Solweig de Barry. Auf der Mauer II, 2024, Mischtechnik auf Papier, 42 x 29,7 cm, 800,– Euro incl. Rahmen";"Solweig de Barry. Auf der Mauer II, 2024, Mischtechnik auf Papier, 42 x 29,7 cm, 800,– Euro incl. Rahmen";;yes
6099;https://kunstverein-heilbronn.de/wp-content/uploads/rahmen-05-scaled.jpg;rahmen-05-scaled-61005984.jpg;shop/6107-jahresgabe-2024/rahmen-05-scaled-61005984.jpg;rahmen-05-scaled-61005984.jpg;"Solweig de Barry. Beste Freundin II, 2024, Mischtechnik auf Papier, 42 x 29,7 cm, 800,– Euro incl. Rahmen";"Solweig de Barry. Beste Freundin II, 2024, Mischtechnik auf Papier, 42 x 29,7 cm, 800,– Euro incl. Rahmen";;yes
6098;https://kunstverein-heilbronn.de/wp-content/uploads/rahmen-04-scaled.jpg;rahmen-04-scaled-cb010f95.jpg;shop/6107-jahresgabe-2024/rahmen-04-scaled-cb010f95.jpg;rahmen-04-scaled-cb010f95.jpg;"Solweig de Barry. Braunarlspitze II, 2021, Mischtechnik auf Papier, 42 x 29,7 cm, 800,– Euro incl. Rahmen";"Solweig de Barry. Braunarlspitze II, 2021, Mischtechnik auf Papier, 42 x 29,7 cm, 800,– Euro incl. Rahmen";;yes
6097;https://kunstverein-heilbronn.de/wp-content/uploads/rahmen-03-scaled.jpg;rahmen-03-scaled-a7735104.jpg;shop/6107-jahresgabe-2024/rahmen-03-scaled-a7735104.jpg;rahmen-03-scaled-a7735104.jpg;"Solweig de Barry. Frühstückstisch I, 2024, Mischtechnik auf Papier, 42 x 29,7 cm, 800,– Euro incl. Rahmen.";"Solweig de Barry.";"Solweig de Barry.";yes
6055;https://kunstverein-heilbronn.de/wp-content/uploads/11753892-dsc03383.webp;11753892-dsc03383-89c50d8f.webp;reisen/6057-uppiges-barock-ein-apostel-der-deutschen-und-ein-beruhmter-konzept-und-installationskunstler-tagesausflug-nach-fulda/11753892-dsc03383-89c50d8f.webp;11753892-dsc03383-89c50d8f.webp;11753892-dsc03383;;;no
6052;https://kunstverein-heilbronn.de/wp-content/uploads/orangerie-fulda-wikipedia-plus-bu.jpg;orangerie-fulda-wikipedia-plus-bu-6b9dd8f9.jpg;reisen/6057-uppiges-barock-ein-apostel-der-deutschen-und-ein-beruhmter-konzept-und-installationskunstler-tagesausflug-nach-fulda/orangerie-fulda-wikipedia-plus-bu-6b9dd8f9.jpg;orangerie-fulda-wikipedia-plus-bu-6b9dd8f9.jpg;"Orangerie Fulda. Bildnachweis: Florian K, CC BY-SA 3.0, https://commons.wikimedia.org/w/index.php?curid=3130792";"Orangerie Fulda. Bildnachweis: Florian K, CC BY-SA 3.0, https://commons.wikimedia.org/w/index.php?curid=3130792";;yes
6046;https://kunstverein-heilbronn.de/wp-content/uploads/pater_klein.jpg;pater_klein-c35d3a47.jpg;reisen/6040-tagesfahrt-nach-aschaffenburg/pater_klein-c35d3a47.jpg;pater_klein-c35d3a47.jpg;pater_klein;;;no
6045;https://kunstverein-heilbronn.de/wp-content/uploads/mexikanerin_klein.jpg;mexikanerin_klein-b479e605.jpg;reisen/6040-tagesfahrt-nach-aschaffenburg/mexikanerin_klein-b479e605.jpg;mexikanerin_klein-b479e605.jpg;mexikanerin_klein;;;no
6044;https://kunstverein-heilbronn.de/wp-content/uploads/hochwald_klein.jpg;hochwald_klein-52fd624a.jpg;reisen/6040-tagesfahrt-nach-aschaffenburg/hochwald_klein-52fd624a.jpg;hochwald_klein-52fd624a.jpg;hochwald_klein;;"Stefan Stark";no
5822;https://kunstverein-heilbronn.de/wp-content/uploads/orlopp_innen05.png;orlopp_innen05-ead4231d.png;shop/5815-uberall-splittern-unsre-gesichtszuge-partout-nos-traits-eclatent/orlopp_innen05-ead4231d.png;orlopp_innen05-ead4231d.png;orlopp_innen05;;;no
5821;https://kunstverein-heilbronn.de/wp-content/uploads/orlopp_innen04.png;orlopp_innen04-738c76f4.png;shop/5815-uberall-splittern-unsre-gesichtszuge-partout-nos-traits-eclatent/orlopp_innen04-738c76f4.png;orlopp_innen04-738c76f4.png;orlopp_innen04;;;no
5820;https://kunstverein-heilbronn.de/wp-content/uploads/orlopp_innen03.png;orlopp_innen03-26ab8e10.png;shop/5815-uberall-splittern-unsre-gesichtszuge-partout-nos-traits-eclatent/orlopp_innen03-26ab8e10.png;orlopp_innen03-26ab8e10.png;orlopp_innen03;;;no
5819;https://kunstverein-heilbronn.de/wp-content/uploads/orlopp_innen02.png;orlopp_innen02-6d07bef5.png;shop/5815-uberall-splittern-unsre-gesichtszuge-partout-nos-traits-eclatent/orlopp_innen02-6d07bef5.png;orlopp_innen02-6d07bef5.png;orlopp_innen02;;;no
5818;https://kunstverein-heilbronn.de/wp-content/uploads/orlopp_innen002.png;orlopp_innen002-a11fa8e8.png;shop/5815-uberall-splittern-unsre-gesichtszuge-partout-nos-traits-eclatent/orlopp_innen002-a11fa8e8.png;orlopp_innen002-a11fa8e8.png;orlopp_innen002;;;no
5817;https://kunstverein-heilbronn.de/wp-content/uploads/orlopp_innen001.png;orlopp_innen001-a2da1cc2.png;shop/5815-uberall-splittern-unsre-gesichtszuge-partout-nos-traits-eclatent/orlopp_innen001-a2da1cc2.png;orlopp_innen001-a2da1cc2.png;orlopp_innen001;;;no
5816;https://kunstverein-heilbronn.de/wp-content/uploads/orlopp-cover.jpg;orlopp-cover-474abc03.jpg;shop/5815-uberall-splittern-unsre-gesichtszuge-partout-nos-traits-eclatent/orlopp-cover-474abc03.jpg;orlopp-cover-474abc03.jpg;"orlopp cover";;;no
5813;https://kunstverein-heilbronn.de/wp-content/uploads/rimini-altar.jpg;rimini-altar-2eba6843.jpg;reisen/5814-halbtagesfahrt-nach-schwabisch-hall-zum-rimini-altar-in-der-johanniterkirche/rimini-altar-2eba6843.jpg;rimini-altar-2eba6843.jpg;"Meister des Rimini-Altars, Kreuzigungsaltar aus Rimini Südniederlande um 1430, (Detail), Alabaster, geringe Reste alter Fassung, Liebieghaus Skulpturensammlung, Frankfurt am Main, Präsentation „Der Rimini-Altar zu Gast in der Johanniterkirche“, Schwäbisch Hall. Fotos: Würth/Ufuk Arslan";"Meister des Rimini-Altars, Kreuzigungsaltar aus Rimini Südniederlande um 1430, (Detail), Alabaster, geringe Reste alter Fassung, Liebieghaus Skulpturensammlung, Frankfurt am Main, Präsentation „Der Rimini-Altar zu Gast in der Johanniterkirche“, Schwäbisch Hall. Fotos: Würth/Ufuk Arslan";;yes
5811;https://kunstverein-heilbronn.de/wp-content/uploads/meister-des-rimini-altars-04.jpg;meister-des-rimini-altars-04-430a6c41.jpg;reisen/5814-halbtagesfahrt-nach-schwabisch-hall-zum-rimini-altar-in-der-johanniterkirche/meister-des-rimini-altars-04-430a6c41.jpg;meister-des-rimini-altars-04-430a6c41.jpg;"Meister des Rimini-Altars, Kreuzigungsaltar aus Rimini Südniederlande um 1430, (Detail), Alabaster, geringe Reste alter Fassung, Liebieghaus Skulpturensammlung, Frankfurt am Main, Präsentation „Der Rimini-Altar zu Gast in der Johanniterkirche“, Schwäbisch Hall. Fotos: Würth/Ufuk Arslan";"Meister des Rimini-Altars, Kreuzigungsaltar aus Rimini Südniederlande um 1430, (Detail), Alabaster, geringe Reste alter Fassung, Liebieghaus Skulpturensammlung, Frankfurt am Main, Präsentation „Der Rimini-Altar zu Gast in der Johanniterkirche“, Schwäbisch Hall. Fotos: Würth/Ufuk Arslan";;yes
5787;https://kunstverein-heilbronn.de/wp-content/uploads/1-1-scaled.jpg;1-1-scaled-0c05e34f.jpg;ausstellungen/5785-zwischen-dicht-und-dunn-achtung-der-kunstverein-ist-bis-zum-8-august-geschlossen/1-1-scaled-0c05e34f.jpg;1-1-scaled-0c05e34f.jpg;"Solweig de Barry, Gogi et le 420, 2021, Öl und Tusche auf Leinwand, 150 x 120 cm Foto: Joachim Schulz";"Solweig de Barry, Gogi et le 420, 2021, Öl und Tusche auf Leinwand, 150 x 120 cm Foto: Joachim Schulz";"Joachim Schulz io@iyos.org";yes
5722;https://kunstverein-heilbronn.de/wp-content/uploads/gw16_0001154_20121127_006-scaled.jpg;gw16_0001154_20121127_006-scaled-5206f032.jpg;reisen/5710-kunstreise-zu-den-solothurner-literaturtagen-ins-kunsthaus-zurich-und-ins-kunstmuseum-basel/gw16_0001154_20121127_006-scaled-5206f032.jpg;gw16_0001154_20121127_006-scaled-5206f032.jpg;"Dan Flavin, Untitled (in memory of Urs Graf), 1972/1975, Installation mit rosa, gelbem, grünem und blauem fluoreszierendem Licht in den vier Ecken des vorderen Hofes des Kunstmuseums (je 11 Einheiten) und in den vier Ecken des Arkadenumgangs (je 2 Einheiten), Länge: je Einheit 120 cm 40 Watt, 48"" T12 BIPIN (true red, true green, true yellow, true blue); Durchmesser: 3.54 cm je Einheit, © Stephen Flavin / 2024, ProLitteris, Zurich Creditline: Kunstmuseum Basel, Geschenk der Dia Art Foundation, New York";"Dan Flavin, Untitled (in memory of Urs Graf), 1972/1975, Installation mit rosa, gelbem, grünem und blauem fluoreszierendem Licht in den vier Ecken des vorderen Hofes des Kunstmuseums (je 11 Einheiten) und in den vier Ecken des Arkadenumgangs (je 2 Einheiten), Länge: je Einheit 120 cm 40 Watt, 48"" T12 BIPIN (true red, true green, true yellow, true blue); Durchmesser: 3.54 cm je Einheit, © Stephen Flavin / 2024, ProLitteris, Zurich Creditline: Kunstmuseum Basel, Geschenk der Dia Art Foundation, New York";;yes
5541;https://kunstverein-heilbronn.de/wp-content/uploads/butendorf-2009-61-x-85-cm.jpg;butendorf-2009-61-x-85-cm-6bcbb90b.jpg;ausstellungen/5539-ausstellung/butendorf-2009-61-x-85-cm-6bcbb90b.jpg;butendorf-2009-61-x-85-cm-6bcbb90b.jpg;"Laurenz Berges, Butendorf, 2009, Fotoarbeit, 61 x 85 cm";"Laurenz Berges, Butendorf, 2009, Fotoarbeit, 61 x 85 cm";;yes
5538;https://kunstverein-heilbronn.de/wp-content/uploads/f0603d48e3e52c2f6dd3fc3163406a34.webp;f0603d48e3e52c2f6dd3fc3163406a34-20b9b1be.webp;ausstellungen/5533-horizons/f0603d48e3e52c2f6dd3fc3163406a34-20b9b1be.webp;f0603d48e3e52c2f6dd3fc3163406a34-20b9b1be.webp;"Jan Dibbets, Horizons, Ausstellung im Kunstverein Heilbronn 2011";"Jan Dibbets, Horizons, Ausstellung im Kunstverein Heilbronn 2011";;yes
5530;https://kunstverein-heilbronn.de/wp-content/uploads/49_8_v7.jpg;49_8_v7-17834ae4.jpg;ausstellungen/5526-ausstellung/49_8_v7-17834ae4.jpg;49_8_v7-17834ae4.jpg;"Nils Nova, Kunstverein Heilbronn 2012, Ausstellungsansicht";"Nils Nova, Kunstverein Heilbronn 2012, Ausstellungsansicht";;yes
5529;https://kunstverein-heilbronn.de/wp-content/uploads/49_6_v12.jpg;49_6_v12-72c5e4a2.jpg;ausstellungen/5526-ausstellung/49_6_v12-72c5e4a2.jpg;49_6_v12-72c5e4a2.jpg;"Nils Nova, Kunstverein Heilbronn 2012, Ausstellungsansicht";"Nils Nova, Kunstverein Heilbronn 2012, Ausstellungsansicht";;yes
5528;https://kunstverein-heilbronn.de/wp-content/uploads/49_1_v9.jpg;49_1_v9-84518395.jpg;ausstellungen/5526-ausstellung/49_1_v9-84518395.jpg;49_1_v9-84518395.jpg;"Nils Nova, Kunstverein Heilbronn 2012, Ausstellungsansicht";"Nils Nova, Kunstverein Heilbronn 2012, Ausstellungsansicht";;yes
5527;https://kunstverein-heilbronn.de/wp-content/uploads/40_3_v10.jpg;40_3_v10-0ba6c033.jpg;ausstellungen/5526-ausstellung/40_3_v10-0ba6c033.jpg;40_3_v10-0ba6c033.jpg;"Nils Nova, Kunstverein Heilbronn 2012, Ausstellungsansicht";"Nils Nova, Kunstverein Heilbronn 2012, Ausstellungsansicht";;yes
5519;https://kunstverein-heilbronn.de/wp-content/uploads/wermkeleinkauf-pic-9.jpg;wermkeleinkauf-pic-9-2fca13f7.jpg;ausstellungen/5514-grenzganger/wermkeleinkauf-pic-9-2fca13f7.jpg;wermkeleinkauf-pic-9-2fca13f7.jpg;"Wermke Leinkauf. Grenzgänger. Ausstellung im Kunstverein Heilbronn, Columbus Förderpreis in Kooperation mit dem ADKV, 2013";"Wermke Leinkauf. Grenzgänger. Ausstellung im Kunstverein Heilbronn, Columbus Förderpreis in Kooperation mit dem ADKV, 2013";Wermke/Leinkauf;yes
5517;https://kunstverein-heilbronn.de/wp-content/uploads/06-img_3832-900x1350-q80.jpg;06-img_3832-900x1350-q80-d0a2fdaa.jpg;ausstellungen/5514-grenzganger/06-img_3832-900x1350-q80-d0a2fdaa.jpg;06-img_3832-900x1350-q80-d0a2fdaa.jpg;"Wermke Leinkauf. Grenzgänger. Ausstellung im Kunstverein Heilbronn, Columbus Förderpreis in Kooperation mit dem ADKV, 2013";"Wermke Leinkauf. Grenzgänger. Ausstellung im Kunstverein Heilbronn, Columbus Förderpreis in Kooperation mit dem ADKV, 2013";;yes
5516;https://kunstverein-heilbronn.de/wp-content/uploads/05-img_4155-900x1350-q80.jpg;05-img_4155-900x1350-q80-d5eea9eb.jpg;ausstellungen/5514-grenzganger/05-img_4155-900x1350-q80-d5eea9eb.jpg;05-img_4155-900x1350-q80-d5eea9eb.jpg;"Wermke Leinkauf. Grenzgänger. Ausstellung im Kunstverein Heilbronn, Columbus Förderpreis in Kooperation mit dem ADKV, 2013";"Wermke Leinkauf. Grenzgänger. Ausstellung im Kunstverein Heilbronn, Columbus Förderpreis in Kooperation mit dem ADKV, 2013";;yes
5515;https://kunstverein-heilbronn.de/wp-content/uploads/02-handstand-postkarte2-900x1557-q80.jpg;02-handstand-postkarte2-900x1557-q80-b81c1ae9.jpg;ausstellungen/5514-grenzganger/02-handstand-postkarte2-900x1557-q80-b81c1ae9.jpg;02-handstand-postkarte2-900x1557-q80-b81c1ae9.jpg;"Wermke Leinkauf. Grenzgänger. Ausstellung im Kunstverein Heilbronn, Columbus Förderpreis in Kooperation mit dem ADKV, 2013";"Wermke Leinkauf. Grenzgänger. Ausstellung im Kunstverein Heilbronn, Columbus Förderpreis in Kooperation mit dem ADKV, 2013";;yes
5510;https://kunstverein-heilbronn.de/wp-content/uploads/perfect-smile.webp;perfect-smile-ddd73269.webp;ausstellungen/5500-on-drawing/perfect-smile-ddd73269.webp;perfect-smile-ddd73269.webp;"John Preus. On Drawing. Kunstverein Heilbronn 2014. Ausstellungsansicht";"John Preus. On Drawing. Kunstverein Heilbronn 2014. Ausstellungsansicht";;yes
5509;https://kunstverein-heilbronn.de/wp-content/uploads/mg_6757.webp;mg_6757-eeeb7ad8.webp;ausstellungen/5500-on-drawing/mg_6757-eeeb7ad8.webp;mg_6757-eeeb7ad8.webp;"John Preus. On Drawing. Kunstverein Heilbronn 2014. Ausstellungsansicht";"John Preus. On Drawing. Kunstverein Heilbronn 2014. Ausstellungsansicht";;yes
5508;https://kunstverein-heilbronn.de/wp-content/uploads/mg_6600.webp;mg_6600-c37cdf8e.webp;ausstellungen/5500-on-drawing/mg_6600-c37cdf8e.webp;mg_6600-c37cdf8e.webp;"John Preus. On Drawing. Kunstverein Heilbronn 2014. Ausstellungsansicht";"John Preus. On Drawing. Kunstverein Heilbronn 2014. Ausstellungsansicht";;yes
5507;https://kunstverein-heilbronn.de/wp-content/uploads/long-table-detail-2.webp;long-table-detail-2-caed8c79.webp;ausstellungen/5500-on-drawing/long-table-detail-2-caed8c79.webp;long-table-detail-2-caed8c79.webp;"John Preus. On Drawing. Kunstverein Heilbronn 2014. Ausstellungsansicht";"John Preus. On Drawing. Kunstverein Heilbronn 2014. Ausstellungsansicht";;yes
5506;https://kunstverein-heilbronn.de/wp-content/uploads/img_4988.webp;img_4988-d172c0c1.webp;ausstellungen/5500-on-drawing/img_4988-d172c0c1.webp;img_4988-d172c0c1.webp;"John Preus. On Drawing. Kunstverein Heilbronn 2014. Ausstellungsansicht";"John Preus. On Drawing. Kunstverein Heilbronn 2014. Ausstellungsansicht";;yes
5505;https://kunstverein-heilbronn.de/wp-content/uploads/img_4948.webp;img_4948-9bdccb63.webp;ausstellungen/5500-on-drawing/img_4948-9bdccb63.webp;img_4948-9bdccb63.webp;"John Preus. On Drawing. Kunstverein Heilbronn 2014. Ausstellungsansicht";"John Preus. On Drawing. Kunstverein Heilbronn 2014. Ausstellungsansicht";;yes
5504;https://kunstverein-heilbronn.de/wp-content/uploads/img_4924.webp;img_4924-8c9129eb.webp;ausstellungen/5500-on-drawing/img_4924-8c9129eb.webp;img_4924-8c9129eb.webp;"John Preus. On Drawing. Kunstverein Heilbronn 2014. Ausstellungsansicht";"John Preus. On Drawing. Kunstverein Heilbronn 2014. Ausstellungsansicht";;yes
5503;https://kunstverein-heilbronn.de/wp-content/uploads/img_4905.webp;img_4905-e6898eb1.webp;ausstellungen/5500-on-drawing/img_4905-e6898eb1.webp;img_4905-e6898eb1.webp;"John Preus. On Drawing. Kunstverein Heilbronn 2014. Ausstellungsansicht";"John Preus. On Drawing. Kunstverein Heilbronn 2014. Ausstellungsansicht";;yes
5502;https://kunstverein-heilbronn.de/wp-content/uploads/ensemble-with-coat-hook.webp;ensemble-with-coat-hook-c5db7022.webp;ausstellungen/5500-on-drawing/ensemble-with-coat-hook-c5db7022.webp;ensemble-with-coat-hook-c5db7022.webp;"John Preus. On Drawing. Kunstverein Heilbronn 2014. Ausstellungsansicht";"John Preus. On Drawing. Kunstverein Heilbronn 2014. Ausstellungsansicht";;yes
5501;https://kunstverein-heilbronn.de/wp-content/uploads/drawers-wall.webp;drawers-wall-34147d3d.webp;ausstellungen/5500-on-drawing/drawers-wall-34147d3d.webp;drawers-wall-34147d3d.webp;"John Preus. On Drawing. Kunstverein Heilbronn 2014. Ausstellungsansicht";"John Preus. On Drawing. Kunstverein Heilbronn 2014. Ausstellungsansicht";;yes
5416;https://kunstverein-heilbronn.de/wp-content/uploads/2012-10-23-15.28.50.jpg;2012-10-23-15.28.50-8839f1cc.jpg;ausstellungen/5521-knockin-on-heaven-s-door/2012-10-23-15.28.50-8839f1cc.jpg;2012-10-23-15.28.50-8839f1cc.jpg;"2012-10-23 15.28.50";;"Photographer:simon vogel";no
5415;https://kunstverein-heilbronn.de/wp-content/uploads/2012-10-23-15.27.00.jpg;2012-10-23-15.27.00-13906f2c.jpg;ausstellungen/5521-knockin-on-heaven-s-door/2012-10-23-15.27.00-13906f2c.jpg;2012-10-23-15.27.00-13906f2c.jpg;"2012-10-23 15.27.00";;"Photographer:simon vogel";no
5414;https://kunstverein-heilbronn.de/wp-content/uploads/2012-10-23-15.22.12.jpg;2012-10-23-15.22.12-1e8c34af.jpg;ausstellungen/5521-knockin-on-heaven-s-door/2012-10-23-15.22.12-1e8c34af.jpg;2012-10-23-15.22.12-1e8c34af.jpg;"2012-10-23 15.22.12";;"Photographer:simon vogel";no
5413;https://kunstverein-heilbronn.de/wp-content/uploads/2012-10-23-15.20.33.jpg;2012-10-23-15.20.33-411bf46f.jpg;ausstellungen/5521-knockin-on-heaven-s-door/2012-10-23-15.20.33-411bf46f.jpg;2012-10-23-15.20.33-411bf46f.jpg;"2012-10-23 15.20.33";;"Photographer:simon vogel";no
5412;https://kunstverein-heilbronn.de/wp-content/uploads/2012-10-23-15.15.04.jpg;2012-10-23-15.15.04-ae271360.jpg;ausstellungen/5521-knockin-on-heaven-s-door/2012-10-23-15.15.04-ae271360.jpg;2012-10-23-15.15.04-ae271360.jpg;"2012-10-23 15.15.04";;"Photographer:simon vogel";no
5411;https://kunstverein-heilbronn.de/wp-content/uploads/2012-10-23-15.02.38.jpg;2012-10-23-15.02.38-d1430379.jpg;ausstellungen/5521-knockin-on-heaven-s-door/2012-10-23-15.02.38-d1430379.jpg;2012-10-23-15.02.38-d1430379.jpg;"2012-10-23 15.02.38";;"Photographer:simon vogel";no
5410;https://kunstverein-heilbronn.de/wp-content/uploads/2012-10-23-14.58.15.jpg;2012-10-23-14.58.15-6a3794de.jpg;ausstellungen/5521-knockin-on-heaven-s-door/2012-10-23-14.58.15-6a3794de.jpg;2012-10-23-14.58.15-6a3794de.jpg;"2012-10-23 14.58.15";;"Photographer:simon vogel";no
5409;https://kunstverein-heilbronn.de/wp-content/uploads/2012-10-23-14.54.58.jpg;2012-10-23-14.54.58-d286520c.jpg;ausstellungen/5521-knockin-on-heaven-s-door/2012-10-23-14.54.58-d286520c.jpg;2012-10-23-14.54.58-d286520c.jpg;"2012-10-23 14.54.58";;"Photographer:simon vogel";no
5408;https://kunstverein-heilbronn.de/wp-content/uploads/2012-10-23-14.41.59.jpg;2012-10-23-14.41.59-8cf494d0.jpg;ausstellungen/5521-knockin-on-heaven-s-door/2012-10-23-14.41.59-8cf494d0.jpg;2012-10-23-14.41.59-8cf494d0.jpg;"2012-10-23 14.41.59";;"Photographer:simon vogel";no
5407;https://kunstverein-heilbronn.de/wp-content/uploads/2012-10-23-14.36.15.jpg;2012-10-23-14.36.15-36f7ddd9.jpg;ausstellungen/5521-knockin-on-heaven-s-door/2012-10-23-14.36.15-36f7ddd9.jpg;2012-10-23-14.36.15-36f7ddd9.jpg;"2012-10-23 14.36.15";;"Photographer:simon vogel";no
5388;https://kunstverein-heilbronn.de/wp-content/uploads/images.jpg;images-f8f2b17d.jpg;ausstellungen/5387-psychoprosa/images-f8f2b17d.jpg;images-f8f2b17d.jpg;"Thomas Feuerstein. Psychoprosa, Kunstverein Heilbronn, Installationsansicht, 2015";"Thomas Feuerstein. Psychoprosa, Kunstverein Heilbronn, Installationsansicht, 2015";;yes
5378;https://kunstverein-heilbronn.de/wp-content/uploads/michael-venezia_untitled_788_1972_metallized-acrylic-on-paper_51x66cm_foto-babrobra-gerny.jpg;michael-venezia_untitled_788_1972_metallized-acrylic-on-paper_51x66cm_foto-babrobra-gerny-b54f7932.jpg;ausstellungen/5368-ausstellung/michael-venezia_untitled_788_1972_metallized-acrylic-on-paper_51x66cm_foto-babrobra-gerny-b54f7932.jpg;michael-venezia_untitled_788_1972_metallized-acrylic-on-paper_51x66cm_foto-babrobra-gerny-b54f7932.jpg;"Michael Venezia, Untitled #788, 1972, metallische Acrylfarbe (Sprühlack) auf Papier, 51 x 66 cm, Foto: Babrora Gerny, Courtesy Häusler Contemporary";"Michael Venezia, Untitled #788, 1972, metallische Acrylfarbe (Sprühlack) auf Papier, 51 x 66 cm, Foto: Babrora Gerny, Courtesy Häusler Contemporary";;yes
5377;https://kunstverein-heilbronn.de/wp-content/uploads/michael-venezia_untitled_1971_oil-based-aluminum-powders-on-canvas_239x239cm.jpg;michael-venezia_untitled_1971_oil-based-aluminum-powders-on-canvas_239x239cm-c12648fe.jpg;ausstellungen/5368-ausstellung/michael-venezia_untitled_1971_oil-based-aluminum-powders-on-canvas_239x239cm-c12648fe.jpg;michael-venezia_untitled_1971_oil-based-aluminum-powders-on-canvas_239x239cm-c12648fe.jpg;"Michael Venezia, Untitled, 1971, Aluminiumpigment, Acryl- und Emailfarbe auf Leinwand, 239 x 239 cm, Courtesy Häusler Contemporary";"Michael Venezia, Untitled, 1971, Aluminiumpigment, Acryl- und Emailfarbe auf Leinwand, 239 x 239 cm, Courtesy Häusler Contemporary";;yes
5376;https://kunstverein-heilbronn.de/wp-content/uploads/michael-venezia_untitled-nm_r-qu_acrylic-and-metallic-pigment-on-wood_18x199x5cm_foto-barbora-gerny.jpg;michael-venezia_untitled-nm_r-qu_acrylic-and-metallic-pigment-on-wood_18x199x5cm_foto-barbora-gerny-cf254dda.jpg;ausstellungen/5368-ausstellung/michael-venezia_untitled-nm_r-qu_acrylic-and-metallic-pigment-on-wood_18x199x5cm_foto-barbora-gerny-cf254dda.jpg;michael-venezia_untitled-nm_r-qu_acrylic-and-metallic-pigment-on-wood_18x199x5cm_foto-barbora-gerny-cf254dda.jpg;"Michael Venezia, Untitled NM/ QU, Acryl- und Metallicpigment auf Holz, 18 x 199 x 5 cm, Foto: Barbora Gerny, Courtesy Häusler Contemporary";"Michael Venezia, Untitled NM/ QU, Acryl- und Metallicpigment auf Holz, 18 x 199 x 5 cm, Foto: Barbora Gerny, Courtesy Häusler Contemporary";;yes
5366;https://kunstverein-heilbronn.de/wp-content/uploads/m_braun_lak_sol_heilbronn_01_a4.webp;m_braun_lak_sol_heilbronn_01_a4-4380ddc5.webp;ausstellungen/5361-lak-sol/m_braun_lak_sol_heilbronn_01_a4-4380ddc5.webp;m_braun_lak_sol_heilbronn_01_a4-4380ddc5.webp;"Matti Braun, Lak Sol. Kunstverein Heilbronn 2016. Sammlung Rudolf Smend collection: Patolas. Foto: Lothar Schnepf";"Matti Braun, Lak Sol. Kunstverein Heilbronn 2016. Sammlung Rudolf Smend collection: Patolas. Foto: Lothar Schnepf";;yes
5365;https://kunstverein-heilbronn.de/wp-content/uploads/m_braun_lak_sol_heilbronn_05_a4.webp;m_braun_lak_sol_heilbronn_05_a4-7b3ff315.webp;ausstellungen/5361-lak-sol/m_braun_lak_sol_heilbronn_05_a4-7b3ff315.webp;m_braun_lak_sol_heilbronn_05_a4-7b3ff315.webp;"Matti Braun. Lak Sol. Kunstverein Heilbronn, Ausstellungsansicht, 2016. Foto: Lothar Schnepf";"Matti Braun. Lak Sol. Kunstverein Heilbronn, Ausstellungsansicht, 2016. Foto: Lothar Schnepf";;yes
5363;https://kunstverein-heilbronn.de/wp-content/uploads/m_braun_lak_sol_heilbronn_03_a4.webp;m_braun_lak_sol_heilbronn_03_a4-033223d9.webp;ausstellungen/5361-lak-sol/m_braun_lak_sol_heilbronn_03_a4-033223d9.webp;m_braun_lak_sol_heilbronn_03_a4-033223d9.webp;"Matti Braun. Lak Sol. Kunstverein Heilbronn, Ausstellungsansicht, 2016. Foto: Lothar Schnepf";"Matti Braun. Lak Sol. Kunstverein Heilbronn, Ausstellungsansicht, 2016. Foto: Lothar Schnepf";;yes
5362;https://kunstverein-heilbronn.de/wp-content/uploads/m_braun_lak_sol_heilbronn_02_a4.webp;m_braun_lak_sol_heilbronn_02_a4-8ae295e5.webp;ausstellungen/5361-lak-sol/m_braun_lak_sol_heilbronn_02_a4-8ae295e5.webp;m_braun_lak_sol_heilbronn_02_a4-8ae295e5.webp;"Matti Braun. Lak Sol. Kunstverein Heilbronn, Ausstellungsansicht, 2016. Foto: Lothar Schnepf";"Matti Braun. Lak Sol. Kunstverein Heilbronn, Ausstellungsansicht, 2016. Foto: Lothar Schnepf";;yes
5328;https://kunstverein-heilbronn.de/wp-content/uploads/image-w1280.webp;image-w1280-cf1b7442.webp;ausstellungen/5322-work-horse/image-w1280-cf1b7442.webp;image-w1280-cf1b7442.webp;"Charlotte Dumas, Work Horse, 2015, Film, 12.16 min.";"Charlotte Dumas, Work Horse, 2015, Film, 12.16 min.";;yes
5326;https://kunstverein-heilbronn.de/wp-content/uploads/28753.jpg;28753-5022b3a6.jpg;ausstellungen/5322-work-horse/28753-5022b3a6.jpg;28753-5022b3a6.jpg;"Charlotte Dumas, Anima, 2012 Film, 13.44 min.";"Charlotte Dumas, Anima, 2012 Film, 13.44 min.";;yes
5320;https://kunstverein-heilbronn.de/wp-content/uploads/dittrich-schlechtriem-andreas-greiner-14672-1024x769-1.jpg;dittrich-schlechtriem-andreas-greiner-14672-1024x769-1-d111d8f3.jpg;ausstellungen/5313-naturkunden/dittrich-schlechtriem-andreas-greiner-14672-1024x769-1-d111d8f3.jpg;dittrich-schlechtriem-andreas-greiner-14672-1024x769-1-d111d8f3.jpg;"Andreas Greiner. Naturkunden. Ausstellung Kunstverein Heilbronn 2018. Foto: Jens Ziehe";"Andreas Greiner. Naturkunden. Ausstellung Kunstverein Heilbronn 2018. Foto: Jens Ziehe";;yes
5316;https://kunstverein-heilbronn.de/wp-content/uploads/021.jpg1_.jpg;021.jpg1_-59c9eaff.jpg;ausstellungen/5313-naturkunden/021.jpg1_-59c9eaff.jpg;021.jpg1_-59c9eaff.jpg;"Andreas Greiner. Florian (Peridinum bipes), 2016, Scanning electron microscope (SEM) image of a single celled algae, fine art print, 43,9 x 39,9 cm";"Andreas Greiner. Florian (Peridinum bipes), 2016, Scanning electron microscope (SEM) image of a single celled algae, fine art print, 43,9 x 39,9 cm";;yes
5315;https://kunstverein-heilbronn.de/wp-content/uploads/5_studies_of_an_alien_skin_video_still_andreas_greiner_and_tyler_friedman_camera_paul_rohlfs_2016-1.jpg;5_studies_of_an_alien_skin_video_still_andreas_greiner_and_tyler_friedman_camera_paul_rohlfs_2016-1-d0d68458.jpg;ausstellungen/5313-naturkunden/5_studies_of_an_alien_skin_video_still_andreas_greiner_and_tyler_friedman_camera_paul_rohlfs_2016-1-d0d68458.jpg;5_studies_of_an_alien_skin_video_still_andreas_greiner_and_tyler_friedman_camera_paul_rohlfs_2016-1-d0d68458.jpg;"Andreas Greiner. Galaxies whiten as they burn, 2018, Fine Art Print auf Hahnemühle Photo Rag, 14,5 x 23 cm, Edition von 20 Exemplaren";"Andreas Greiner. Galaxies whiten as they burn, 2018, Fine Art Print auf Hahnemühle Photo Rag, 14,5 x 23 cm, Edition von 20 Exemplaren";;yes
5315;https://kunstverein-heilbronn.de/wp-content/uploads/5_studies_of_an_alien_skin_video_still_andreas_greiner_and_tyler_friedman_camera_paul_rohlfs_2016-1.jpg;5_studies_of_an_alien_skin_video_still_andreas_greiner_and_tyler_friedman_camera_paul_rohlfs_2016-1-d0d68458.jpg;shop/2290-galaxies-whiten-as-they-burn/5_studies_of_an_alien_skin_video_still_andreas_greiner_and_tyler_friedman_camera_paul_rohlfs_2016-1-d0d68458.jpg;5_studies_of_an_alien_skin_video_still_andreas_greiner_and_tyler_friedman_camera_paul_rohlfs_2016-1-d0d68458.jpg;"Andreas Greiner. Galaxies whiten as they burn, 2018, Fine Art Print auf Hahnemühle Photo Rag, 14,5 x 23 cm, Edition von 20 Exemplaren";"Andreas Greiner. Galaxies whiten as they burn, 2018, Fine Art Print auf Hahnemühle Photo Rag, 14,5 x 23 cm, Edition von 20 Exemplaren";;yes
5299;https://kunstverein-heilbronn.de/wp-content/uploads/belorgey122.jpg;belorgey122-c1529ea1.jpg;ausstellungen/5285-schwarze-spiegel/belorgey122-c1529ea1.jpg;belorgey122-c1529ea1.jpg;"Yves Bélorgey, Ein Ende eines Nachmittags in Heilbronn, Juni/Juli 2018, Pigmente auf Leinwand, 240 x 240 cm";"Yves Bélorgey, Ein Ende eines Nachmittags in Heilbronn, Juni/Juli 2018, Pigmente auf Leinwand, 240 x 240 cm";;yes
5293;https://kunstverein-heilbronn.de/wp-content/uploads/belorgey146.jpg;belorgey146-0db11eab.jpg;ausstellungen/5285-schwarze-spiegel/belorgey146-0db11eab.jpg;belorgey146-0db11eab.jpg;"Yves Bélorgey, Grabmal von Johan David Feyerabend, Alter Friedhof Heilbronn, August 2018, Graphit auf Papier, 240 x 240 cm";"Yves Bélorgey, Grabmal von Johan David Feyerabend, Alter Friedhof Heilbronn, August 2018, Graphit auf Papier, 240 x 240 cm";;yes
5292;https://kunstverein-heilbronn.de/wp-content/uploads/belorgey148.jpg;belorgey148-f349e346.jpg;ausstellungen/5285-schwarze-spiegel/belorgey148-f349e346.jpg;belorgey148-f349e346.jpg;"Yves Bélorgey, Sicherer’sche Apotheke, Kaiserstraße, Heilbronn, Juli / August 2018, Graphit auf Papier, 240 x 240 cm";"Yves Bélorgey, Sicherer’sche Apotheke, Kaiserstraße, Heilbronn, Juli / August 2018, Graphit auf Papier, 240 x 240 cm";;yes
5291;https://kunstverein-heilbronn.de/wp-content/uploads/belorgey147lq.jpg;belorgey147lq-4e25b3bc.jpg;ausstellungen/5285-schwarze-spiegel/belorgey147lq-4e25b3bc.jpg;belorgey147lq-4e25b3bc.jpg;"Yves Bélorgey, Die Schleuse Horkheim, Heilbronn, Archtiekt: Paul Bonatz (1927- 1929), Juli/August 2018, Graphit auf Papier, 240 x 240 cm";"Yves Bélorgey, Die Schleuse Horkheim, Heilbronn, Archtiekt: Paul Bonatz (1927- 1929), Juli/August 2018, Graphit auf Papier, 240 x 240 cm";;yes
5290;https://kunstverein-heilbronn.de/wp-content/uploads/belorgey_alter_friedhof.jpg;belorgey_alter_friedhof-23b98dfc.jpg;ausstellungen/5285-schwarze-spiegel/belorgey_alter_friedhof-23b98dfc.jpg;belorgey_alter_friedhof-23b98dfc.jpg;"Yves Bélorgey, Rote Buche, Alter Friedhof, Heilbronn, Juli / August 2019, Graphit auf Papier, 240 x 240 cm";"Yves Bélorgey, Rote Buche, Alter Friedhof, Heilbronn, Juli / August 2019, Graphit auf Papier, 240 x 240 cm";;yes
5179;https://kunstverein-heilbronn.de/wp-content/uploads/8.jpg;8-f3daf6c7.jpg;ausstellungen/5175-the-romantic-trail-and-the-concrete-house/8-f3daf6c7.jpg;8-f3daf6c7.jpg;"Sharon Ya'ari. Bnei-Or Beersheba, 2018, Archival Pigment Print, 200 x 268 cm";"Sharon Ya'ari. Bnei-Or Beersheba, 2018, Archival Pigment Print, 200 x 268 cm";;yes
5178;https://kunstverein-heilbronn.de/wp-content/uploads/3.jpg;3-4d67fe9a.jpg;ausstellungen/5175-the-romantic-trail-and-the-concrete-house/3-4d67fe9a.jpg;3-4d67fe9a.jpg;"Sharon Ya'ari. Snow Mountain (2Trucks full), 2019, Archival Pigment Print, 26 x 37 cm";"Sharon Ya'ari. Snow Mountain (2Trucks full), 2019, Archival Pigment Print, 26 x 37 cm";;yes
5177;https://kunstverein-heilbronn.de/wp-content/uploads/1.jpg;1-af1274d3.jpg;ausstellungen/5175-the-romantic-trail-and-the-concrete-house/1-af1274d3.jpg;1-af1274d3.jpg;"Sharon Ya'ari. Private Courtyard, 2019, Archival Pigment Print, 155 x 192 cm";"Sharon Ya'ari. Private Courtyard, 2019, Archival Pigment Print, 155 x 192 cm";;yes
5103;https://kunstverein-heilbronn.de/wp-content/uploads/kv_heilbronn_7.jpg;kv_heilbronn_7-62541b77.jpg;ausstellungen/5089-7/kv_heilbronn_7-62541b77.jpg;kv_heilbronn_7-62541b77.jpg;kv_heilbronn_7;;;no
5098;https://kunstverein-heilbronn.de/wp-content/uploads/pompeji-1-scaled.jpg;pompeji-1-scaled-bb665e34.jpg;reisen/5095-transformation-durch-die-bildenden-kunste-flugreise-nach-neapel-und-pompeji/pompeji-1-scaled-bb665e34.jpg;pompeji-1-scaled-bb665e34.jpg;"Pompeji Quelle: Wikipedia";"Pompeji Quelle: Wikipedia";"Berthold Werner";yes
5097;https://kunstverein-heilbronn.de/wp-content/uploads/pompeji.jpg;pompeji-83666919.jpg;reisen/5095-transformation-durch-die-bildenden-kunste-flugreise-nach-neapel-und-pompeji/pompeji-83666919.jpg;pompeji-83666919.jpg;pompeji;;;no
5094;https://kunstverein-heilbronn.de/wp-content/uploads/500_no8-felledtrees-woldgate.jpg;500_no8-felledtrees-woldgate-6237198a.jpg;reisen/5091-kunzelsau-museum-wurth-2-david-hockney-a-year-in-normandie-und-skulpturengarten/500_no8-felledtrees-woldgate-6237198a.jpg;500_no8-felledtrees-woldgate-6237198a.jpg;"David Hockney: Felled Trees on Woldgate 2008, Öl auf Leinwand, 152,5 x 122 cm, Sammlung Würth, Inv. 12129 © David Hockney";"David Hockney: Felled Trees on Woldgate 2008, Öl auf Leinwand, 152,5 x 122 cm, Sammlung Würth, Inv. 12129 © David Hockney";"David Hockney: Felled Trees on Woldgate 2008, Öl auf Leinwand, 152,5 x 122 cm, Sammlung Würth, Inv. 12129 © David Hockney";yes
5093;https://kunstverein-heilbronn.de/wp-content/uploads/500_hockney3.jpg;500_hockney3-5dad5417.jpg;reisen/5091-kunzelsau-museum-wurth-2-david-hockney-a-year-in-normandie-und-skulpturengarten/500_hockney3-5dad5417.jpg;500_hockney3-5dad5417.jpg;"Ausstellungseinblick Museum Würth 2 mit David Hockney, A Year in Normandie, 2020-2021, zusammengesetztes iPad-Gemälde (Detail), 1 x 90,75 m, und Three Trees near Thixendale, Summer, 2008, Öl auf Leinwand, 183 x 488 cm, Sammlung Würth Inv.12501, and Three Trees near Thixendale, Autumn, 2008, Öl auf Leinwand, 183 x 488 cm, Sammlung Würth Inv.12502, Foto: Würth/Ufuk Arslan © David Hockney";"Ausstellungseinblick Museum Würth 2 mit David Hockney, A Year in Normandie, 2020-2021, zusammengesetztes iPad-Gemälde (Detail), 1 x 90,75 m, und Three Trees near Thixendale, Summer, 2008, Öl auf Leinwand, 183 x 488 cm, Sammlung Würth Inv.12501, and Three Trees near Thixendale, Autumn, 2008, Öl auf Leinwand, 183 x 488 cm, Sammlung Würth Inv.12502, Foto: Würth/Ufuk Arslan © David Hockney";"Ausstellungseinblick Museum Würth 2 mit David Hockney, A Year in Normandie, 2020-2021, zusammengesetztes iPad-Gemälde (Detail), 1 x 90,75 m, und Three Trees near Thixendale, Summer, 2008, Öl auf Leinwand, 183 x 488 cm, Sammlung Würth Inv.12501, and Three Trees near Thixendale, Autumn, 2008, Öl auf Leinwand, 183 x 488 cm, Sammlung Würth Inv.12502, Foto: Würth/Ufuk Arslan © David Hockney";yes
5092;https://kunstverein-heilbronn.de/wp-content/uploads/500_davidhockney-ayearinnormandie.jpg;500_davidhockney-ayearinnormandie-6f3f4e21.jpg;reisen/5091-kunzelsau-museum-wurth-2-david-hockney-a-year-in-normandie-und-skulpturengarten/500_davidhockney-ayearinnormandie-6f3f4e21.jpg;500_davidhockney-ayearinnormandie-6f3f4e21.jpg;"David Hockney, A Year in Normandie 2020-2021, zusammengesetztes iPad-Gemälde (Detail), 1 x 90,75 m © David Hockney";"David Hockney, A Year in Normandie 2020-2021, zusammengesetztes iPad-Gemälde (Detail), 1 x 90,75 m © David Hockney";;yes
2827;https://kunstverein-heilbronn.de/wp-content/uploads/rueckbau.jpg;rueckbau-a789d29d.jpg;ausstellungen/2824-strategien-der-grosse-ruckbau-teil-ii/rueckbau-a789d29d.jpg;rueckbau-a789d29d.jpg;rueckbau;;;no
2820;https://kunstverein-heilbronn.de/wp-content/uploads/riesinnen.jpg;riesinnen-9e84af58.jpg;ausstellungen/2816-die-lange-heimat/riesinnen-9e84af58.jpg;riesinnen-9e84af58.jpg;riesinnen;;;no
2819;https://kunstverein-heilbronn.de/wp-content/uploads/wunschbaum.jpg;wunschbaum-330c7645.jpg;ausstellungen/2816-die-lange-heimat/wunschbaum-330c7645.jpg;wunschbaum-330c7645.jpg;wunschbaum;;;no
2778;https://kunstverein-heilbronn.de/wp-content/uploads/amano2.gif;amano2-4a361682.gif;ausstellungen/2772-m/amano2-4a361682.gif;amano2-4a361682.gif;amano2;;;no
2777;https://kunstverein-heilbronn.de/wp-content/uploads/amano1.gif;amano1-c75c21e4.gif;ausstellungen/2772-m/amano1-c75c21e4.gif;amano1-c75c21e4.gif;amano1;;;no
2723;https://kunstverein-heilbronn.de/wp-content/uploads/odenbach1.gif;odenbach1-8ab18b88.gif;ausstellungen/2719-die-kirche-im-dorf-lassen/odenbach1-8ab18b88.gif;odenbach1-8ab18b88.gif;odenbach1;;;no
2722;https://kunstverein-heilbronn.de/wp-content/uploads/odenbach2.gif;odenbach2-0a19dd86.gif;ausstellungen/2719-die-kirche-im-dorf-lassen/odenbach2-0a19dd86.gif;odenbach2-0a19dd86.gif;odenbach2;;;no
2722;https://kunstverein-heilbronn.de/wp-content/uploads/odenbach2.gif;odenbach2-0a19dd86.gif;ausstellungen/2741-holiday/odenbach2-0a19dd86.gif;odenbach2-0a19dd86.gif;odenbach2;;;no
2704;https://kunstverein-heilbronn.de/wp-content/uploads/zimmermann1-1.jpg;zimmermann1-1-0b9dccb1.jpg;ausstellungen/431-neue-arbeiten/zimmermann1-1-0b9dccb1.jpg;zimmermann1-1-0b9dccb1.jpg;zimmermann1;;;no
2697;https://kunstverein-heilbronn.de/wp-content/uploads/max-neuhaus.jpg;max-neuhaus-6b246a63.jpg;shop/2696-zeichnungen-30-sept-6-nov-1994/max-neuhaus-6b246a63.jpg;max-neuhaus-6b246a63.jpg;max-neuhaus;;;no
2690;https://kunstverein-heilbronn.de/wp-content/uploads/ingeborg-gabriel.jpg;ingeborg-gabriel-1f1bbccb.jpg;shop/2689-zeichnungen/ingeborg-gabriel-1f1bbccb.jpg;ingeborg-gabriel-1f1bbccb.jpg;ingeborg-gabriel;;;no
2683;https://kunstverein-heilbronn.de/wp-content/uploads/ziervogel2.jpg;ziervogel2-83d7d7d4.jpg;shop/2682-young-german-art/ziervogel2-83d7d7d4.jpg;ziervogel2-83d7d7d4.jpg;ziervogel2;;;no
2676;https://kunstverein-heilbronn.de/wp-content/uploads/joseph-zehrer.jpg;joseph-zehrer-251b0525.jpg;shop/2675-worp/joseph-zehrer-251b0525.jpg;joseph-zehrer-251b0525.jpg;joseph-zehrer;;;no
2669;https://kunstverein-heilbronn.de/wp-content/uploads/9783864421242.jpg;9783864421242-111cec22.jpg;shop/2668-thomas-feuerstein-psychoprosa/9783864421242-111cec22.jpg;9783864421242-111cec22.jpg;9783864421242;;;no
2662;https://kunstverein-heilbronn.de/wp-content/uploads/steinmeier.jpg;steinmeier-f92e87f2.jpg;shop/2661-the-long-goodbye/steinmeier-f92e87f2.jpg;steinmeier-f92e87f2.jpg;steinmeier;;;no
2655;https://kunstverein-heilbronn.de/wp-content/uploads/christoph-wedding.jpg;christoph-wedding-f653ad83.jpg;shop/2654-teils-teils/christoph-wedding-f653ad83.jpg;christoph-wedding-f653ad83.jpg;christoph-wedding;;;no
2649;https://kunstverein-heilbronn.de/wp-content/uploads/jeppe-hein.jpg;jeppe-hein-a5a8b496.jpg;shop/2647-take-a-walk-in-the-forest-at-sunlight/jeppe-hein-a5a8b496.jpg;jeppe-hein-a5a8b496.jpg;jeppe-hein;;;no
2641;https://kunstverein-heilbronn.de/wp-content/uploads/9783864422775.jpg;9783864422775-7affb30e.jpg;shop/2640-silke-wagner-migration-und-pflanze/9783864422775-7affb30e.jpg;9783864422775-7affb30e.jpg;9783864422775;;;no
2634;https://kunstverein-heilbronn.de/wp-content/uploads/present-things.jpg;present-things-9700ade0.jpg;shop/2633-present-things/present-things-9700ade0.jpg;present-things-9700ade0.jpg;present-things;;;no
2627;https://kunstverein-heilbronn.de/wp-content/uploads/silke-wagner.jpg;silke-wagner-2f44404e.jpg;shop/2626-new-old-works-theme/silke-wagner-2f44404e.jpg;silke-wagner-2f44404e.jpg;silke-wagner;;;no
2620;https://kunstverein-heilbronn.de/wp-content/uploads/9783864420412.jpg;9783864420412-5691353c.jpg;shop/2619-olaf-metzel-kaffee-zeitung-zigaretten/9783864420412-5691353c.jpg;9783864420412-5691353c.jpg;9783864420412;;;no
2613;https://kunstverein-heilbronn.de/wp-content/uploads/9783864422614.jpg;9783864422614-9345a9bc.jpg;shop/2612-mother-s-tongue/9783864422614-9345a9bc.jpg;9783864422614-9345a9bc.jpg;9783864422614;;;no
2606;https://kunstverein-heilbronn.de/wp-content/uploads/9783864421648_0.jpg;9783864421648_0-f2cfdbff.jpg;shop/2605-michael-venezia-painting/9783864421648_0-f2cfdbff.jpg;9783864421648_0-f2cfdbff.jpg;9783864421648_0;;;no
2599;https://kunstverein-heilbronn.de/wp-content/uploads/cover_luepertz.png;cover_luepertz-312559bd.png;shop/2598-markus-lupertz-architektur-dithyrambisch/cover_luepertz-312559bd.png;cover_luepertz-312559bd.png;cover_luepertz;;;no
2592;https://kunstverein-heilbronn.de/wp-content/uploads/michael-beutler.jpg;michael-beutler-4c68cb45.jpg;shop/2591-michael-beutler/michael-beutler-4c68cb45.jpg;michael-beutler-4c68cb45.jpg;michael-beutler;;;no
2585;https://kunstverein-heilbronn.de/wp-content/uploads/9783864423109.jpg;9783864423109-1318eef4.jpg;shop/2584-matti-braun/9783864423109-1318eef4.jpg;9783864423109-1318eef4.jpg;9783864423109;;;no
2578;https://kunstverein-heilbronn.de/wp-content/uploads/9783864423079.jpg;9783864423079-4807f885.jpg;shop/2577-katja-davar-katalog-skulpturenmuseum-glaskasten-marl-kunstverein-heilbronn/9783864423079-4807f885.jpg;9783864423079-4807f885.jpg;9783864423079;;;no
2571;https://kunstverein-heilbronn.de/wp-content/uploads/yoshitaka-amano.jpg;yoshitaka-amano-6c2e4a2d.jpg;shop/2570-m/yoshitaka-amano-6c2e4a2d.jpg;yoshitaka-amano-6c2e4a2d.jpg;yoshitaka-amano;;;no
2564;https://kunstverein-heilbronn.de/wp-content/uploads/9783864423093_0.jpg;9783864423093_0-d57654df.jpg;shop/2563-life-forms/9783864423093_0-d57654df.jpg;9783864423093_0-d57654df.jpg;9783864423093_0;;;no
2556;https://kunstverein-heilbronn.de/wp-content/uploads/9783864421365.jpg;9783864421365-50cd3ee3.jpg;shop/2555-katalog-martin-creed/9783864421365-50cd3ee3.jpg;9783864421365-50cd3ee3.jpg;9783864421365;;;no
2549;https://kunstverein-heilbronn.de/wp-content/uploads/9783864421938.jpg;9783864421938-1361b742.jpg;shop/2548-katalog-giovanna-sarti-the-essence-arises-in-vanishing/9783864421938-1361b742.jpg;9783864421938-1361b742.jpg;9783864421938;;;no
2542;https://kunstverein-heilbronn.de/wp-content/uploads/katharina-grosse.jpg;katharina-grosse-8da652b8.jpg;shop/2541-katharina-grosse/katharina-grosse-8da652b8.jpg;katharina-grosse-8da652b8.jpg;katharina-grosse;;;no
2535;https://kunstverein-heilbronn.de/wp-content/uploads/jeanne-faust.jpg;jeanne-faust-4ebba663.jpg;shop/2534-jeanne-faust-andere-wie-mich/jeanne-faust-4ebba663.jpg;jeanne-faust-4ebba663.jpg;jeanne-faust;;;no
2528;https://kunstverein-heilbronn.de/wp-content/uploads/irrtum.jpg;irrtum-8c5c4c05.jpg;shop/2527-irrtum/irrtum-8c5c4c05.jpg;irrtum-8c5c4c05.jpg;irrtum;;;no
2521;https://kunstverein-heilbronn.de/wp-content/uploads/hermann-pitz.jpg;hermann-pitz-ccdd5425.jpg;shop/2520-kammer/hermann-pitz-ccdd5425.jpg;hermann-pitz-ccdd5425.jpg;hermann-pitz;;;no
2514;https://kunstverein-heilbronn.de/wp-content/uploads/michael-schmidt.jpg;michael-schmidt-2dfd6ad2.jpg;shop/2513-irgendwo/michael-schmidt-2dfd6ad2.jpg;michael-schmidt-2dfd6ad2.jpg;michael-schmidt;;;no
2507;https://kunstverein-heilbronn.de/wp-content/uploads/lulic.jpg;lulic-caf62406.jpg;shop/2506-ich-war-die-putzfrau-am-bauhaus/lulic-caf62406.jpg;lulic-caf62406.jpg;lulic;;;no
2500;https://kunstverein-heilbronn.de/wp-content/uploads/9783864421235.jpg;9783864421235-f5754381.jpg;shop/2499-i-am-in-love-with-the-coco/9783864421235-f5754381.jpg;9783864421235-f5754381.jpg;9783864421235;;;no
2493;https://kunstverein-heilbronn.de/wp-content/uploads/9783940953421.jpg;9783940953421-103c2ff9.jpg;shop/2492-horizons/9783940953421-103c2ff9.jpg;9783940953421-103c2ff9.jpg;9783940953421;;;no
2486;https://kunstverein-heilbronn.de/wp-content/uploads/heike_beyer_umschlag.jpg;heike_beyer_umschlag-82fa0b11.jpg;shop/2485-heike-beyer-kaum-dass-sie-stehen-konnen/heike_beyer_umschlag-82fa0b11.jpg;heike_beyer_umschlag-82fa0b11.jpg;heike_beyer_umschlag;;;no
2479;https://kunstverein-heilbronn.de/wp-content/uploads/thaddeus-strode.jpg;thaddeus-strode-2b73d832.jpg;shop/2478-ghosts-adrift/thaddeus-strode-2b73d832.jpg;thaddeus-strode-2b73d832.jpg;thaddeus-strode;;;no
2472;https://kunstverein-heilbronn.de/wp-content/uploads/tobias.jpg;tobias-afdbba10.jpg;shop/2471-gert-und-uwe-tobias/tobias-afdbba10.jpg;tobias-afdbba10.jpg;tobias;;;no
2465;https://kunstverein-heilbronn.de/wp-content/uploads/peter-zimmermann.jpg;peter-zimmermann-a80a49f9.jpg;shop/2464-flow/peter-zimmermann-a80a49f9.jpg;peter-zimmermann-a80a49f9.jpg;peter-zimmermann;;;no
2458;https://kunstverein-heilbronn.de/wp-content/uploads/matthias-hoch.jpg;matthias-hoch-34aed456.jpg;shop/2457-fotografien-photographs/matthias-hoch-34aed456.jpg;matthias-hoch-34aed456.jpg;matthias-hoch;;;no
2451;https://kunstverein-heilbronn.de/wp-content/uploads/andreas-karl-schulze.jpg;andreas-karl-schulze-131c183e.jpg;shop/2450-etwas-etwas-und-etwas-nichts/andreas-karl-schulze-131c183e.jpg;andreas-karl-schulze-131c183e.jpg;andreas-karl-schulze;;;no
2444;https://kunstverein-heilbronn.de/wp-content/uploads/c.m-l.w.jpg;c.m-l.w-45eafa25.jpg;shop/2443-cildo-meireles-lawrence-weiner/c.m-l.w-45eafa25.jpg;c.m-l.w-45eafa25.jpg;c.m-l.w;;;no
2437;https://kunstverein-heilbronn.de/wp-content/uploads/florin-kompatscher.jpg;florin-kompatscher-eca3b74a.jpg;shop/2436-die-lange-heimat/florin-kompatscher-eca3b74a.jpg;florin-kompatscher-eca3b74a.jpg;florin-kompatscher;;;no
2427;https://kunstverein-heilbronn.de/wp-content/uploads/helmut-brosch.jpg;helmut-brosch-d51a272e.jpg;shop/2426-enkel/helmut-brosch-d51a272e.jpg;helmut-brosch-d51a272e.jpg;helmut-brosch;;;no
2420;https://kunstverein-heilbronn.de/wp-content/uploads/perez.jpg;perez-104bc1cd.jpg;shop/2419-enoc-perez-beautiful-girl/perez-104bc1cd.jpg;perez-104bc1cd.jpg;perez;;;no
2410;https://kunstverein-heilbronn.de/wp-content/uploads/odenbach.jpg;odenbach-a706d285.jpg;shop/2409-marcel-odenbach-o-t/odenbach-a706d285.jpg;odenbach-a706d285.jpg;odenbach;;;no
2403;https://kunstverein-heilbronn.de/wp-content/uploads/kuepper.jpg;kuepper-be10fb16.jpg;shop/2402-ralf-kuepper-aufzug-anzug-vollzug-zugspitze/kuepper-be10fb16.jpg;kuepper-be10fb16.jpg;kuepper;;;no
2396;https://kunstverein-heilbronn.de/wp-content/uploads/kiecol.jpg;kiecol-07c4aa4b.jpg;shop/2395-hubert-kiecol-kunstverein-heilbronn/kiecol-07c4aa4b.jpg;kiecol-07c4aa4b.jpg;kiecol;;;no
2389;https://kunstverein-heilbronn.de/wp-content/uploads/lindena4.jpg;lindena4-8ca37e07.jpg;shop/2385-kalin-lindena-aus-der-serie-die-wiederholung-ein-gehtanz/lindena4-8ca37e07.jpg;lindena4-8ca37e07.jpg;lindena4;;;no
2387;https://kunstverein-heilbronn.de/wp-content/uploads/lindena2.jpg;lindena2-6019cf0d.jpg;shop/2385-kalin-lindena-aus-der-serie-die-wiederholung-ein-gehtanz/lindena2-6019cf0d.jpg;lindena2-6019cf0d.jpg;lindena2;;;no
2388;https://kunstverein-heilbronn.de/wp-content/uploads/lindena3.jpg;lindena3-dcf42efc.jpg;shop/2385-kalin-lindena-aus-der-serie-die-wiederholung-ein-gehtanz/lindena3-dcf42efc.jpg;lindena3-dcf42efc.jpg;lindena3;;;no
2386;https://kunstverein-heilbronn.de/wp-content/uploads/lindena1.jpg;lindena1-abda96ad.jpg;shop/2385-kalin-lindena-aus-der-serie-die-wiederholung-ein-gehtanz/lindena1-abda96ad.jpg;lindena1-abda96ad.jpg;lindena1;;;no
2378;https://kunstverein-heilbronn.de/wp-content/uploads/herold-treatment-gold.jpg;herold-treatment-gold-ad951143.jpg;shop/2376-georg-herold-treatment/herold-treatment-gold-ad951143.jpg;herold-treatment-gold-ad951143.jpg;herold-treatment-gold;;;no
2379;https://kunstverein-heilbronn.de/wp-content/uploads/herold-treatment-grau.jpg;herold-treatment-grau-3b6721f9.jpg;shop/2376-georg-herold-treatment/herold-treatment-grau-3b6721f9.jpg;herold-treatment-grau-3b6721f9.jpg;herold-treatment-grau;;;no
2377;https://kunstverein-heilbronn.de/wp-content/uploads/herold-treatment-blau.jpg;herold-treatment-blau-4600d83e.jpg;shop/2376-georg-herold-treatment/herold-treatment-blau-4600d83e.jpg;herold-treatment-blau-4600d83e.jpg;herold-treatment-blau;;;no
2370;https://kunstverein-heilbronn.de/wp-content/uploads/foerg.jpg;foerg-c721d20a.jpg;shop/2369-gunther-forg-o-t/foerg-c721d20a.jpg;foerg-c721d20a.jpg;foerg;;;no
2363;https://kunstverein-heilbronn.de/wp-content/uploads/hallsson.jpg;hallsson-add4b80e.jpg;shop/2362-hlynur-hallsson-o-t/hallsson-add4b80e.jpg;hallsson-add4b80e.jpg;hallsson;;;no
2355;https://kunstverein-heilbronn.de/wp-content/uploads/bugrov.jpg;bugrov-048519ca.jpg;shop/2354-valerij-bugrov-stadtpanorama-heilbronn-mit-lichtpfeil/bugrov-048519ca.jpg;bugrov-048519ca.jpg;bugrov;;;no
2348;https://kunstverein-heilbronn.de/wp-content/uploads/ziervogel.jpg;ziervogel-306f14ed.jpg;shop/2347-ralf-ziervogel-noy/ziervogel-306f14ed.jpg;ziervogel-306f14ed.jpg;ziervogel;;;no
2341;https://kunstverein-heilbronn.de/wp-content/uploads/busse.jpg;busse-c40814b5.jpg;shop/2340-hal-busse-nilreise/busse-c40814b5.jpg;busse-c40814b5.jpg;busse;;;no
2328;https://kunstverein-heilbronn.de/wp-content/uploads/edition_now.jpg;edition_now-97081084.jpg;shop/2327-natalie-czech-now/edition_now-97081084.jpg;edition_now-97081084.jpg;edition_now;;;no
2314;https://kunstverein-heilbronn.de/wp-content/uploads/rieki.jpg;rieki-e2284b5c.jpg;shop/2313-peter-riek-closed-circle-i-ii/rieki-e2284b5c.jpg;rieki-e2284b5c.jpg;rieki;;;no
2315;https://kunstverein-heilbronn.de/wp-content/uploads/riekii.jpg;riekii-ead07f0a.jpg;shop/2313-peter-riek-closed-circle-i-ii/riekii-ead07f0a.jpg;riekii-ead07f0a.jpg;riekii;;;no
2303;https://kunstverein-heilbronn.de/wp-content/uploads/schwarzer_diamant_iiweb2.jpg;schwarzer_diamant_iiweb2-63de7b56.jpg;shop/2302-laurenz-berges/schwarzer_diamant_iiweb2-63de7b56.jpg;schwarzer_diamant_iiweb2-63de7b56.jpg;schwarzer_diamant_iiweb2;;;no
2291;https://kunstverein-heilbronn.de/wp-content/uploads/5_studies_of_an_alien_skin_video_still_andreas_greiner_and_tyler_friedman_camera_paul_rohlfs_2016.jpg;5_studies_of_an_alien_skin_video_still_andreas_greiner_and_tyler_friedman_camera_paul_rohlfs_2016-1bad4925.jpg;shop/2290-galaxies-whiten-as-they-burn/5_studies_of_an_alien_skin_video_still_andreas_greiner_and_tyler_friedman_camera_paul_rohlfs_2016-1bad4925.jpg;5_studies_of_an_alien_skin_video_still_andreas_greiner_and_tyler_friedman_camera_paul_rohlfs_2016-1bad4925.jpg;5_studies_of_an_alien_skin_video_still_andreas_greiner_and_tyler_friedman_camera_paul_rohlfs_2016;;;no
1906;https://kunstverein-heilbronn.de/wp-content/uploads/9783864423413.jpg;9783864423413-250b50c5.jpg;shop/1897-birgit-werres/9783864423413-250b50c5.jpg;9783864423413-250b50c5.jpg;9783864423413;;;no
1893;https://kunstverein-heilbronn.de/wp-content/uploads/andre-butzer.jpg;andre-butzer-c6595f56.jpg;shop/1887-andre-butzer-das-ende-vom-friedens-siemens-menschentraum/andre-butzer-c6595f56.jpg;andre-butzer-c6595f56.jpg;andre-butzer;;;no
1883;https://kunstverein-heilbronn.de/wp-content/uploads/kv-125.jpg;kv-125-1282ac68.jpg;shop/1879-125-jahre-kunstverein-heilbronn/kv-125-1282ac68.jpg;kv-125-1282ac68.jpg;kv-125;;;no
1665;https://kunstverein-heilbronn.de/wp-content/uploads/10_documenta_fifteen_ruruhaus_2020_nicolas_wefers.jpg;10_documenta_fifteen_ruruhaus_2020_nicolas_wefers-a661687e.jpg;reisen/4553-tagesfahrt-zur-documenta-fifteen/10_documenta_fifteen_ruruhaus_2020_nicolas_wefers-a661687e.jpg;10_documenta_fifteen_ruruhaus_2020_nicolas_wefers-a661687e.jpg;10_documenta_fifteen_ruruhaus_2020_nicolas_wefers;;;no
1664;https://kunstverein-heilbronn.de/wp-content/uploads/10_documenta_fifteen_kulturamt_kw36_ruru_haus.jpg;10_documenta_fifteen_kulturamt_kw36_ruru_haus-85df54ff.jpg;reisen/4553-tagesfahrt-zur-documenta-fifteen/10_documenta_fifteen_kulturamt_kw36_ruru_haus-85df54ff.jpg;10_documenta_fifteen_kulturamt_kw36_ruru_haus-85df54ff.jpg;10_documenta_fifteen_kulturamt_kw36_ruru_haus;;;no
1663;https://kunstverein-heilbronn.de/wp-content/uploads/05_documenta_fifteen_ruruhaus_2021_nicolas_wefers.jpg;05_documenta_fifteen_ruruhaus_2021_nicolas_wefers-87f38164.jpg;reisen/4553-tagesfahrt-zur-documenta-fifteen/05_documenta_fifteen_ruruhaus_2021_nicolas_wefers-87f38164.jpg;05_documenta_fifteen_ruruhaus_2021_nicolas_wefers-87f38164.jpg;05_documenta_fifteen_ruruhaus_2021_nicolas_wefers;;;no
1662;https://kunstverein-heilbronn.de/wp-content/uploads/01_documenta_fifteen_ruruhaus_2021_nicolas_wefers.jpg;01_documenta_fifteen_ruruhaus_2021_nicolas_wefers-9f71899c.jpg;reisen/4553-tagesfahrt-zur-documenta-fifteen/01_documenta_fifteen_ruruhaus_2021_nicolas_wefers-9f71899c.jpg;01_documenta_fifteen_ruruhaus_2021_nicolas_wefers-9f71899c.jpg;Bildunterschrift;Bildunterschrift;;yes
1066;https://kunstverein-heilbronn.de/wp-content/uploads/jan_van_der_ploeg_untitled_2_2016_39_x_31_cm._silkscreen_print_edition_15.jpg;jan_van_der_ploeg_untitled_2_2016_39_x_31_cm._silkscreen_print_edition_15-779d3d8d.jpg;shop/1065-jan-van-der-ploeg-untitled/jan_van_der_ploeg_untitled_2_2016_39_x_31_cm._silkscreen_print_edition_15-779d3d8d.jpg;jan_van_der_ploeg_untitled_2_2016_39_x_31_cm._silkscreen_print_edition_15-779d3d8d.jpg;jan_van_der_ploeg_untitled_2_2016_39_x_31_cm._silkscreen_print_edition_15;;;no
1045;https://kunstverein-heilbronn.de/wp-content/uploads/breit-wegerich.jpg;breit-wegerich-0d2e5b62.jpg;shop/1044-edition/breit-wegerich-0d2e5b62.jpg;breit-wegerich-0d2e5b62.jpg;breit-wegerich;;;no
1012;https://kunstverein-heilbronn.de/wp-content/uploads/1_white.jpg;1_white-8158001d.jpg;shop/1010-giovanna-sarti-why-smile/1_white-8158001d.jpg;1_white-8158001d.jpg;1_white;;;no
1003;https://kunstverein-heilbronn.de/wp-content/uploads/m_braun_kvheilbronn_jhrsg_1_a4_web.jpg;m_braun_kvheilbronn_jhrsg_1_a4_web-b83f7c5f.jpg;shop/1002-matti-braun/m_braun_kvheilbronn_jhrsg_1_a4_web-b83f7c5f.jpg;m_braun_kvheilbronn_jhrsg_1_a4_web-b83f7c5f.jpg;m_braun_kvheilbronn_jhrsg_1_a4_web;;;no
983;https://kunstverein-heilbronn.de/wp-content/uploads/giovanna01_web.jpg;giovanna01_web-595fd36a.jpg;shop/966-giovanna-sarti-osmosi-1-9-9-papierarbeiten/giovanna01_web-595fd36a.jpg;giovanna01_web-595fd36a.jpg;giovanna01_web;;;no
432;https://kunstverein-heilbronn.de/wp-content/uploads/zimmermann1.jpg;zimmermann1-b433ce1e.jpg;ausstellungen/431-neue-arbeiten/zimmermann1-b433ce1e.jpg;zimmermann1-b433ce1e.jpg;zimmermann1;;;no
